{"cameraMode":{"drawMode":0,"name":"Shaded","section":"Shading Mode"},"sceneLighting":true,"audioPlay":false,"sceneViewState":{"m_AlwaysRefresh":false,"showFog":true,"showSkybox":true,"showFlares":true,"showImageEffects":true,"showParticleSystems":true,"showVisualEffectGraphs":true,"m_FxEnabled":true},"in2DMode":false,"pivot":{"x":58.674129486083987,"y":-12.668045043945313,"z":33.640316009521487},"rotation":{"x":0.6325932145118713,"y":0.001161724328994751,"z":-0.0009488881914876401,"w":0.7744821906089783},"size":63.0930290222168,"orthographic":false}