{"cameraMode":{"drawMode":0,"name":"Shaded","section":"Shading Mode"},"sceneLighting":true,"audioPlay":false,"sceneViewState":{"m_AlwaysRefresh":true,"showFog":true,"showSkybox":true,"showFlares":true,"showImageEffects":true,"showParticleSystems":true,"showVisualEffectGraphs":true,"m_FxEnabled":true},"in2DMode":false,"pivot":{"x":26.557458877563478,"y":26.87185287475586,"z":40.79287338256836},"rotation":{"x":0.0014287839876487852,"y":0.9906445145606995,"z":-0.13606923818588258,"w":0.010402018204331398},"size":22.130233764648439,"orthographic":false}